<core:FragmentDefinition xmlns="sap.m"
	xmlns:f="sap.ui.layout.form" xmlns:core="sap.ui.core" xmlns:mvc="sap.ui.core.mvc" xmlns:smartForm="sap.ui.comp.smartform"
	xmlns:smartFilterBar="sap.ui.comp.smartfilterbar"
	xmlns:smartTable="sap.ui.comp.smarttable"
	xmlns:smartField="sap.ui.comp.smartfield"
	xmlns:html="http://www.w3.org/1999/xhtml" xmlns:l="sap.ui.layout" >
<Dialog class="NoIotModal">
		<content>
		<FlexBox
					height="17PX"
					alignItems="Start"
					justifyContent="End"
					class="closeIcon">
					<items>
						<core:Icon src = "sap-icon://sys-cancel" type = "Emphasized" tooltip = "Cancel" press = "onIotCancel"/>
					</items>
				</FlexBox>
		
			<VBox justifyContent="Center" class="NoIOTContent" alignItems="Center">
				<Text text="Choose the Iot Numebr for which the EOD should be completed"
					class="sapUiMediumMarginTop classParkingSuccessMessageTitle" height = "50PX"></Text>
					<Label/>
					<FlexBox
					height="100px"
					alignItems="Start"
					justifyContent="Center">
					<items>
						<Button text="1710301V32" class="sapUiSmallMarginEnd"  press= "onFirstButton"/>
						<Button text="1710291V32"  press= "onFirstButton"/>
					</items>
				</FlexBox>
			</VBox>
			</content>
	</Dialog>
</core:FragmentDefinition>