<core:FragmentDefinition xmlns="sap.m"
	xmlns:f="sap.ui.layout.form" xmlns:core="sap.ui.core" xmlns:mvc="sap.ui.core.mvc"
	xmlns:smartForm="sap.ui.comp.smartform" xmlns:smartFilterBar="sap.ui.comp.smartfilterbar"
	xmlns:smartTable="sap.ui.comp.smarttable" xmlns:smartField="sap.ui.comp.smartfield"
	xmlns:html="http://www.w3.org/1999/xhtml" xmlns:l="sap.ui.layout">
	<Dialog class="printFrag">
		<content>
			<FlexBox height="17PX" alignItems="Start" class="close" justifyContent="End">
				<items>
					<core:Icon src="sap-icon://sys-cancel" type="Emphasized"
						tooltip="Cancel" press="printCancel" />
				</items>
			</FlexBox>
			<HBox>
				<GenericTile class="sapUiTinyMarginBegin sapUiTinyMarginTop tileLayout"
					header="171030IV32" subheader="Unclear Hole" press="press">
					<TileContent footer="50 Kg">
						<ImageContent src="sap-icon://bar-code" />
					</TileContent>
				</GenericTile>
				<f:SimpleForm editable="true" maxContainersCols="2">
					<f:content>


						<Text text="Enter no of Prints's to be print" />
						<Label text="Number of copies" />
						<StepInput
                            value="{value}"
                            displayValuePrecision="{displayValuePrecision}"
                            min="1"
                            change="onChange"/>

						<Button text="print" press="printSuccess" />

						<Button text="cancel" press="printCancel" />
					</f:content>
				</f:SimpleForm>
			</HBox>
		</content>
	</Dialog>
</core:FragmentDefinition>